n,perc50,concept_name.x.x,concept_code.y,concept_name.y,vocabulary_id.x,concept_code.x,concept_id,unit_concept_id,mean_ratio,perc03,perc25,perc75,perc97,concept_name.x.y,QualUnitCnt,allQualUnitsMedians,max_mean_ratio,newN
2,0.410212269220207,Salicylates [Mass/volume] in Serum or Plasma,ug/mL,microgram per milliliter,LOINC,4024-6,3000787,8859,0.410212269220207,0.22040548226720158,0.3092512123303105,0.5111733261101036,0.6000190561732125,Salicylates [Mass/volume] in Serum or Plasma,3,"0.13,0.39,0.41",0.410212269220207,3
2,0.972990217869694,Erythrocyte distribution width [Entitic volume],%,percent,LOINC,30384-2,3002888,8554,0.972990217869694,0.9476010226672064,0.9594853268045409,0.986495108934847,0.9983794130721816,Erythrocyte distribution width [Entitic volume],2,"0.97,0.53",0.972990217869694,2
2,0.9934933827031305,C reactive protein [Mass/volume] in Serum or Plasma by High sensitivity method,mg/L,milligram per liter,LOINC,30522-7,3010156,8751,0.9934933827031305,0.9873771624440731,0.9902400740546957,0.9967466913515652,0.9996096029621878,C reactive protein [Mass/volume] in Serum or Plasma by High sensitivity method,2,"0.99,0.67",0.9934933827031305,2
2,0.7946436973208405,Valproate serum/plasma,ug/mL,microgram per milliliter,LOINC,4086-5,3016201,8859,0.7946436973208405,0.6016087728024306,0.6919655459812608,0.8973218486604202,0.9876786218392504,Valproate serum/plasma,2,"0.38,0.79",0.7946436973208405,2
2,0.790754094507358,Phenytoin serum/plasma,ug/mL,microgram per milliliter,LOINC,3968-5,3022616,8859,0.790754094507358,0.5940629433442746,0.686131141761037,0.8953770472536791,0.9874452456704415,Phenytoin serum/plasma,2,"0.39,0.79",0.790754094507358,2
